{
  "dataset": "intel.log.txt",
  "num_scans": 100,
  "cpu": {
    "avg_ms_per_scan": 134.163,
    "total_seconds": 13.416,
    "per_scan_ms": [
      1.653,
      106.072,
      133.877,
      113.473,
      132.005,
      90.169,
      93.958,
      78.003,
      78.694,
      77.041,
      88.513,
      89.042,
      84.572,
      83.306,
      81.038,
      80.19,
      79.981,
      77.622,
      76.261,
      79.748,
      78.791,
      81.659,
      78.741,
      84.99,
      80.012,
      79.657,
      80.193,
      77.065,
      78.088,
      79.336,
      78.393,
      78.605,
      87.461,
      80.41,
      79.813,
      93.933,
      89.071,
      111.935,
      98.118,
      98.316,
      99.76,
      103.622,
      108.0,
      119.185,
      219.721,
      168.525,
      240.185,
      127.456,
      216.198,
      248.224,
      168.1,
      162.821,
      136.579,
      140.549,
      194.615,
      159.3,
      137.766,
      145.179,
      178.184,
      121.382,
      117.844,
      137.342,
      191.616,
      162.611,
      183.106,
      116.73,
      134.957,
      164.513,
      144.56,
      114.486,
      258.176,
      180.134,
      124.086,
      110.408,
      109.249,
      104.587,
      102.514,
      101.052,
      104.472,
      125.3,
      113.062,
      98.53,
      104.496,
      98.733,
      217.269,
      102.067,
      106.042,
      106.209,
      106.959,
      108.497,
      106.128,
      112.385,
      107.164,
      146.596,
      484.681,
      352.169,
      534.056,
      239.551,
      501.89,
      266.928
    ]
  },
  "fpga": {
    "avg_ms_per_scan": 0.048277,
    "total_seconds": 0.004828,
    "source": "estimated_from_reported_speedup"
  },
  "speedup": 2779.0,
  "reported_speedup": 2779,
  "trajectory_shape": [
    100,
    3
  ],
  "grid_shape": [
    800,
    800
  ],
  "occupied_cells": 190
}